<?xml version="1.0"?>
<!DOCTYPE hibernate-mapping PUBLIC
"-//Hibernate/Hibernate Mapping DTD 3.0//EN"
"http://hibernate.sourceforge.net/hibernate-mapping-3.0.dtd">

<hibernate-mapping>
	<class name="com.dxc.model.Doctor" table="DoctorData">
	
		<id name="docId" type="int" column="DId">
			<generator class="assigned"/>
		</id>

		<property name="name" column="DoctorName" />
	
		<property name="HospitalName">
			<column name="HospitalName" />
		</property>
		
		<property name="HospitalCity">
			<column name="HospitalCity" />
		</property>
		
		
			<property name="fees" type="int" table="fees" />
	</class>
</hibernate-mapping>